pickup_location,pickup_lat,pickup_lng,timestamp,ride_distance_km,base_fare,demand_index,weather_condition,traffic_level,is_surge,surge_multiplier
Madhapur,17.4448,78.3915,2023-07-10 06:49:00,11.38,102.19,3,Clear,High,0,1.0
Ameerpet,17.4375,78.4483,2023-07-10 23:44:00,9.27,75.34,2,Rain,Low,0,1.0
Ameerpet,17.4375,78.4483,2023-07-16 20:23:00,1.37,12.05,9,Fog,Low,0,1.0
Kukatpally,17.4849,78.3911,2023-07-16 16:54:00,4.89,56.12,3,Fog,Medium,0,1.0
Jubilee Hills,17.4325,78.4071,2023-07-11 18:27:00,4.01,44.33,2,Clear,Medium,0,1.0
Madhapur,17.4448,78.3915,2023-07-14 02:01:00,12.86,133.94,1,Fog,High,0,1.0
Madhapur,17.4448,78.3915,2023-07-14 07:21:00,2.1,19.26,10,Cloudy,High,1,1.45
Madhapur,17.4448,78.3915,2023-07-10 12:30:00,10.26,113.81,2,Rain,Low,0,1.0
Kukatpally,17.4849,78.3911,2023-07-13 03:54:00,7.35,83.32,3,Cloudy,Medium,1,1.0
Gachibowli,17.4449,78.3498,2023-07-13 00:54:00,10.83,116.25,2,Storm,High,1,1.0
Gachibowli,17.4449,78.3498,2023-07-16 01:51:00,11.21,97.01,7,Cloudy,High,0,1.0
Ameerpet,17.4375,78.4483,2023-07-12 11:58:00,10.58,120.31,1,Rain,Low,1,1.0
Jubilee Hills,17.4325,78.4071,2023-07-14 13:32:00,4.75,42.01,10,Cloudy,Low,0,1.0
Kukatpally,17.4849,78.3911,2023-07-14 12:02:00,13.39,141.55,3,Cloudy,Low,0,1.0
Gachibowli,17.4449,78.3498,2023-07-16 09:17:00,8.55,93.95,7,Storm,Medium,0,1.0
Jubilee Hills,17.4325,78.4071,2023-07-12 11:53:00,14.96,127.96,8,Clear,Low,0,1.0
Madhapur,17.4448,78.3915,2023-07-11 17:44:00,9.78,109.23,7,Storm,Low,0,1.0
Kukatpally,17.4849,78.3911,2023-07-14 08:12:00,9.34,92.21,5,Storm,Low,0,1.0
Madhapur,17.4448,78.3915,2023-07-16 02:37:00,11.51,127.47,6,Clear,Medium,0,1.0
Kukatpally,17.4849,78.3911,2023-07-11 19:11:00,7.35,86.84,5,Storm,Low,0,1.0
Ameerpet,17.4375,78.4483,2023-07-11 05:03:00,13.19,121.27,9,Storm,Low,0,1.0
Gachibowli,17.4449,78.3498,2023-07-14 06:06:00,11.68,118.64,9,Clear,High,1,1.62
Madhapur,17.4448,78.3915,2023-07-11 06:32:00,14.01,161.32,5,Rain,Low,0,1.0
Gachibowli,17.4449,78.3498,2023-07-16 10:55:00,14.26,118.97,8,Clear,High,1,2.2
Gachibowli,17.4449,78.3498,2023-07-15 09:47:00,14.26,123.5,9,Storm,Medium,0,1.0
Gachibowli,17.4449,78.3498,2023-07-16 03:15:00,11.57,124.49,5,Fog,High,0,1.0
Jubilee Hills,17.4325,78.4071,2023-07-14 23:37:00,13.59,133.26,4,Rain,Low,0,1.0
Jubilee Hills,17.4325,78.4071,2023-07-10 05:44:00,9.24,82.43,4,Clear,Low,0,1.0
Madhapur,17.4448,78.3915,2023-07-12 14:30:00,1.94,15.76,6,Clear,High,0,1.0
Gachibowli,17.4449,78.3498,2023-07-13 04:02:00,10.37,91.85,3,Storm,High,0,1.0
Kukatpally,17.4849,78.3911,2023-07-12 18:21:00,11.98,134.54,4,Clear,Low,0,1.0
Kukatpally,17.4849,78.3911,2023-07-14 00:44:00,6.93,68.39,1,Clear,Low,0,1.0
Kukatpally,17.4849,78.3911,2023-07-13 20:39:00,12.21,103.02,4,Rain,High,0,1.0
Kukatpally,17.4849,78.3911,2023-07-11 14:16:00,6.91,62.98,4,Clear,Medium,0,1.0
Ameerpet,17.4375,78.4483,2023-07-11 02:44:00,1.71,20.52,1,Clear,Low,0,1.0
Gachibowli,17.4449,78.3498,2023-07-14 14:58:00,7.8,69.07,7,Clear,Low,0,1.0
Kukatpally,17.4849,78.3911,2023-07-10 00:35:00,14.79,134.01,8,Cloudy,Medium,0,1.0
Ameerpet,17.4375,78.4483,2023-07-15 12:53:00,3.17,29.12,1,Storm,High,0,1.0
Ameerpet,17.4375,78.4483,2023-07-10 16:38:00,11.47,94.38,10,Fog,High,1,2.4
Ameerpet,17.4375,78.4483,2023-07-11 18:59:00,1.8,18.06,3,Clear,High,0,1.0
Madhapur,17.4448,78.3915,2023-07-12 16:13:00,6.65,78.25,10,Rain,High,1,1.97
Ameerpet,17.4375,78.4483,2023-07-10 22:23:00,6.87,71.0,9,Cloudy,Medium,0,1.0
Gachibowli,17.4449,78.3498,2023-07-13 13:47:00,4.34,41.59,5,Fog,Medium,0,1.0
Madhapur,17.4448,78.3915,2023-07-10 02:32:00,7.42,88.99,2,Clear,High,0,1.0
Gachibowli,17.4449,78.3498,2023-07-15 18:08:00,4.71,55.26,2,Rain,Medium,0,1.0
Jubilee Hills,17.4325,78.4071,2023-07-11 19:04:00,7.13,72.53,5,Storm,High,0,1.0
Ameerpet,17.4375,78.4483,2023-07-10 02:08:00,10.35,105.76,2,Rain,Medium,0,1.0
Madhapur,17.4448,78.3915,2023-07-11 05:13:00,11.39,98.2,5,Storm,Low,0,1.0
Jubilee Hills,17.4325,78.4071,2023-07-12 07:35:00,10.62,121.19,9,Fog,Medium,0,1.0
Madhapur,17.4448,78.3915,2023-07-11 01:12:00,9.88,111.82,1,Clear,Medium,0,1.0
Gachibowli,17.4449,78.3498,2023-07-12 23:31:00,3.26,31.84,7,Storm,Low,0,1.0
Madhapur,17.4448,78.3915,2023-07-10 20:32:00,14.23,153.17,3,Storm,Low,0,1.0
Jubilee Hills,17.4325,78.4071,2023-07-16 15:03:00,8.74,84.95,1,Cloudy,Medium,0,1.0
Madhapur,17.4448,78.3915,2023-07-14 01:42:00,3.94,35.45,2,Cloudy,High,0,1.0
Kukatpally,17.4849,78.3911,2023-07-11 18:12:00,13.96,124.9,3,Rain,Medium,0,1.0
Madhapur,17.4448,78.3915,2023-07-12 00:58:00,11.31,105.51,7,Rain,Medium,0,1.0
Gachibowli,17.4449,78.3498,2023-07-11 05:31:00,6.36,51.87,8,Rain,Low,0,1.0
Kukatpally,17.4849,78.3911,2023-07-13 23:28:00,5.27,58.93,4,Rain,Low,0,1.0
Gachibowli,17.4449,78.3498,2023-07-14 12:48:00,5.6,64.16,5,Cloudy,High,0,1.0
Ameerpet,17.4375,78.4483,2023-07-14 13:08:00,10.51,119.55,6,Clear,Low,0,1.0
Jubilee Hills,17.4325,78.4071,2023-07-12 00:45:00,9.13,108.96,1,Clear,High,0,1.0
Kukatpally,17.4849,78.3911,2023-07-13 22:23:00,11.2,103.65,10,Storm,Low,0,1.0
Kukatpally,17.4849,78.3911,2023-07-16 13:26:00,3.66,29.93,7,Clear,High,0,1.0
Ameerpet,17.4375,78.4483,2023-07-12 05:48:00,6.1,50.51,6,Storm,Medium,0,1.0
Madhapur,17.4448,78.3915,2023-07-13 10:00:00,8.1,86.41,6,Fog,High,0,1.0
Jubilee Hills,17.4325,78.4071,2023-07-16 07:23:00,2.78,26.92,7,Rain,High,0,1.0
Ameerpet,17.4375,78.4483,2023-07-13 10:10:00,6.69,75.83,5,Cloudy,Low,0,1.0
Kukatpally,17.4849,78.3911,2023-07-16 14:22:00,9.49,88.15,8,Fog,High,1,1.48
Kukatpally,17.4849,78.3911,2023-07-11 22:20:00,10.22,93.36,10,Cloudy,Low,0,1.0
Gachibowli,17.4449,78.3498,2023-07-13 12:45:00,4.14,36.42,1,Clear,Low,0,1.0
Kukatpally,17.4849,78.3911,2023-07-10 19:53:00,7.38,85.2,10,Rain,High,1,2.11
Kukatpally,17.4849,78.3911,2023-07-14 13:07:00,4.42,46.96,1,Clear,Medium,0,1.0
Gachibowli,17.4449,78.3498,2023-07-12 00:01:00,12.26,132.21,8,Clear,High,1,1.52
Madhapur,17.4448,78.3915,2023-07-15 04:38:00,2.87,28.29,9,Storm,High,1,1.61
Kukatpally,17.4849,78.3911,2023-07-15 17:50:00,6.97,81.04,8,Rain,High,1,2.32
Kukatpally,17.4849,78.3911,2023-07-12 22:46:00,11.52,130.86,5,Storm,Medium,0,1.0
Gachibowli,17.4449,78.3498,2023-07-13 02:59:00,7.16,77.72,4,Cloudy,Medium,0,1.0
Jubilee Hills,17.4325,78.4071,2023-07-16 03:29:00,2.13,18.33,7,Rain,High,0,1.0
Gachibowli,17.4449,78.3498,2023-07-10 17:32:00,6.81,63.49,8,Fog,Low,0,1.0
Gachibowli,17.4449,78.3498,2023-07-14 18:43:00,6.45,71.46,1,Storm,Medium,0,1.0
Kukatpally,17.4849,78.3911,2023-07-10 01:36:00,14.2,130.56,7,Fog,High,0,1.0
Ameerpet,17.4375,78.4483,2023-07-16 20:43:00,13.57,135.06,5,Fog,Medium,0,1.0
Madhapur,17.4448,78.3915,2023-07-14 10:11:00,5.71,61.19,7,Rain,Medium,0,1.0
Gachibowli,17.4449,78.3498,2023-07-16 01:51:00,1.38,13.21,10,Clear,Low,0,1.0
Kukatpally,17.4849,78.3911,2023-07-11 13:03:00,13.14,114.67,5,Fog,Medium,0,1.0
Gachibowli,17.4449,78.3498,2023-07-15 04:09:00,5.58,61.63,7,Cloudy,Medium,0,1.0
Jubilee Hills,17.4325,78.4071,2023-07-10 22:21:00,7.58,83.35,1,Cloudy,Low,0,1.0
Madhapur,17.4448,78.3915,2023-07-10 10:59:00,11.56,136.39,4,Clear,High,0,1.0
Gachibowli,17.4449,78.3498,2023-07-12 17:08:00,2.77,29.58,10,Rain,Medium,0,1.0
Jubilee Hills,17.4325,78.4071,2023-07-14 04:43:00,3.35,34.94,2,Rain,Medium,0,1.0
Madhapur,17.4448,78.3915,2023-07-16 14:01:00,1.36,12.58,7,Fog,High,0,1.0
Gachibowli,17.4449,78.3498,2023-07-10 20:45:00,9.29,105.18,4,Clear,High,0,1.0
Jubilee Hills,17.4325,78.4071,2023-07-16 19:57:00,12.28,137.35,10,Clear,Medium,0,1.0
Ameerpet,17.4375,78.4483,2023-07-14 20:58:00,10.26,84.91,6,Clear,Medium,0,1.0
Kukatpally,17.4849,78.3911,2023-07-11 04:49:00,7.07,66.8,8,Rain,Medium,0,1.0
Gachibowli,17.4449,78.3498,2023-07-15 22:28:00,14.52,131.85,9,Fog,Medium,0,1.0
Kukatpally,17.4849,78.3911,2023-07-16 17:47:00,4.76,54.3,2,Cloudy,Medium,0,1.0
Gachibowli,17.4449,78.3498,2023-07-15 06:53:00,8.98,95.84,6,Clear,Medium,0,1.0
Jubilee Hills,17.4325,78.4071,2023-07-12 01:39:00,7.83,73.75,5,Cloudy,Medium,0,1.0
Ameerpet,17.4375,78.4483,2023-07-13 03:26:00,8.78,88.38,4,Clear,Low,0,1.0
Kukatpally,17.4849,78.3911,2023-07-15 13:24:00,8.77,78.59,8,Fog,Medium,0,1.0
Madhapur,17.4448,78.3915,2023-07-11 01:24:00,5.12,49.24,4,Cloudy,High,0,1.0
Ameerpet,17.4375,78.4483,2023-07-14 04:46:00,7.63,77.24,7,Storm,Medium,0,1.0
Jubilee Hills,17.4325,78.4071,2023-07-15 03:54:00,4.79,43.14,2,Rain,Medium,0,1.0
Madhapur,17.4448,78.3915,2023-07-16 02:19:00,14.31,153.98,4,Rain,High,0,1.0
Kukatpally,17.4849,78.3911,2023-07-13 03:30:00,11.14,132.64,9,Storm,Medium,0,1.0
Madhapur,17.4448,78.3915,2023-07-12 05:00:00,5.15,48.63,5,Clear,High,0,1.0
Ameerpet,17.4375,78.4483,2023-07-11 10:33:00,4.84,57.58,9,Cloudy,High,1,2.43
Kukatpally,17.4849,78.3911,2023-07-11 04:00:00,13.22,136.12,8,Fog,Medium,0,1.0
Jubilee Hills,17.4325,78.4071,2023-07-12 02:20:00,14.52,130.82,8,Clear,Low,0,1.0
Kukatpally,17.4849,78.3911,2023-07-15 14:16:00,2.04,21.46,1,Rain,Low,0,1.0
Ameerpet,17.4375,78.4483,2023-07-13 10:58:00,2.19,19.69,9,Fog,High,1,1.97
Ameerpet,17.4375,78.4483,2023-07-12 13:37:00,11.86,112.93,8,Cloudy,High,1,2.49
Jubilee Hills,17.4325,78.4071,2023-07-16 11:16:00,9.69,101.15,2,Rain,High,0,1.0
Gachibowli,17.4449,78.3498,2023-07-13 00:15:00,10.25,88.44,3,Storm,Low,0,1.0
Gachibowli,17.4449,78.3498,2023-07-10 00:43:00,6.72,72.29,8,Cloudy,Low,0,1.0
Gachibowli,17.4449,78.3498,2023-07-13 06:40:00,10.9,117.85,8,Clear,High,1,1.5
Jubilee Hills,17.4325,78.4071,2023-07-16 17:03:00,10.26,120.4,7,Clear,High,0,1.0
Gachibowli,17.4449,78.3498,2023-07-11 16:41:00,13.72,155.13,2,Clear,Low,0,1.0
Jubilee Hills,17.4325,78.4071,2023-07-16 18:29:00,11.49,118.08,5,Fog,Low,0,1.0
Kukatpally,17.4849,78.3911,2023-07-13 11:02:00,10.8,127.12,9,Storm,Medium,0,1.0
Kukatpally,17.4849,78.3911,2023-07-10 21:57:00,9.37,108.3,6,Storm,Medium,0,1.0
Madhapur,17.4448,78.3915,2023-07-11 00:56:00,4.2,44.93,10,Storm,Low,0,1.0
Jubilee Hills,17.4325,78.4071,2023-07-16 13:21:00,1.56,17.2,8,Storm,High,1,1.77
Jubilee Hills,17.4325,78.4071,2023-07-12 01:33:00,14.96,145.76,8,Clear,Medium,0,1.0
Jubilee Hills,17.4325,78.4071,2023-07-14 15:30:00,5.67,60.56,3,Cloudy,Medium,0,1.0
Kukatpally,17.4849,78.3911,2023-07-13 06:42:00,10.28,98.71,9,Clear,Medium,0,1.0
Madhapur,17.4448,78.3915,2023-07-13 13:53:00,4.53,38.34,7,Storm,Low,0,1.0
Ameerpet,17.4375,78.4483,2023-07-15 06:09:00,6.79,59.41,6,Storm,Medium,0,1.0
Kukatpally,17.4849,78.3911,2023-07-10 14:05:00,3.85,39.26,5,Fog,High,0,1.0
Kukatpally,17.4849,78.3911,2023-07-11 09:09:00,1.4,14.73,4,Rain,Medium,0,1.0
Ameerpet,17.4375,78.4483,2023-07-10 03:44:00,8.73,73.09,2,Fog,Low,0,1.0
Gachibowli,17.4449,78.3498,2023-07-15 16:05:00,14.06,128.89,5,Fog,Medium,0,1.0
Kukatpally,17.4849,78.3911,2023-07-12 18:33:00,7.4,63.48,4,Storm,High,0,1.0
Gachibowli,17.4449,78.3498,2023-07-10 19:03:00,4.87,54.35,7,Cloudy,High,0,1.0
Jubilee Hills,17.4325,78.4071,2023-07-10 00:42:00,4.96,45.6,10,Storm,High,1,1.84
Gachibowli,17.4449,78.3498,2023-07-15 01:56:00,8.54,80.11,9,Storm,Medium,0,1.0
Kukatpally,17.4849,78.3911,2023-07-13 15:52:00,13.17,157.03,4,Storm,Medium,0,1.0
Gachibowli,17.4449,78.3498,2023-07-14 16:10:00,1.61,17.68,7,Fog,High,0,1.0
Gachibowli,17.4449,78.3498,2023-07-15 15:15:00,14.51,123.41,10,Cloudy,Low,0,1.0
Kukatpally,17.4849,78.3911,2023-07-11 03:13:00,8.36,82.16,3,Fog,High,0,1.0
Gachibowli,17.4449,78.3498,2023-07-10 20:25:00,7.57,89.91,6,Storm,High,0,1.0
Kukatpally,17.4849,78.3911,2023-07-10 21:55:00,12.92,147.41,9,Fog,Medium,0,1.0
Kukatpally,17.4849,78.3911,2023-07-16 03:44:00,1.5,12.41,5,Rain,High,0,1.0
Madhapur,17.4448,78.3915,2023-07-14 22:30:00,14.7,162.31,2,Fog,Low,0,1.0
Jubilee Hills,17.4325,78.4071,2023-07-10 07:54:00,1.64,18.34,5,Cloudy,Medium,0,1.0
Kukatpally,17.4849,78.3911,2023-07-11 15:45:00,4.42,42.65,3,Rain,Low,0,1.0
Madhapur,17.4448,78.3915,2023-07-16 22:25:00,13.19,138.22,4,Fog,High,0,1.0
Gachibowli,17.4449,78.3498,2023-07-12 15:24:00,7.46,67.26,5,Clear,Medium,0,1.0
Jubilee Hills,17.4325,78.4071,2023-07-16 05:15:00,3.21,31.35,6,Storm,Medium,0,1.0
Kukatpally,17.4849,78.3911,2023-07-12 20:17:00,7.4,68.14,7,Fog,Low,0,1.0
Gachibowli,17.4449,78.3498,2023-07-14 08:08:00,9.01,92.8,5,Clear,High,0,1.0
Kukatpally,17.4849,78.3911,2023-07-13 02:57:00,1.11,12.72,1,Storm,High,0,1.0
Kukatpally,17.4849,78.3911,2023-07-13 06:09:00,11.86,105.8,6,Rain,High,0,1.0
Gachibowli,17.4449,78.3498,2023-07-12 20:26:00,10.49,114.17,3,Clear,High,0,1.0
Madhapur,17.4448,78.3915,2023-07-13 12:21:00,12.04,97.93,6,Rain,Low,0,1.0
Jubilee Hills,17.4325,78.4071,2023-07-13 17:12:00,11.46,99.73,3,Storm,Medium,0,1.0
Ameerpet,17.4375,78.4483,2023-07-15 17:01:00,13.79,156.13,5,Fog,Medium,0,1.0
Jubilee Hills,17.4325,78.4071,2023-07-11 07:26:00,7.56,62.76,4,Fog,High,0,1.0
Jubilee Hills,17.4325,78.4071,2023-07-11 00:39:00,12.07,97.23,9,Clear,Medium,0,1.0
Jubilee Hills,17.4325,78.4071,2023-07-12 23:35:00,9.18,103.64,6,Clear,High,0,1.0
Gachibowli,17.4449,78.3498,2023-07-15 08:44:00,1.35,15.57,9,Cloudy,High,1,1.49
Madhapur,17.4448,78.3915,2023-07-15 06:46:00,13.73,126.44,7,Clear,Low,0,1.0
Madhapur,17.4448,78.3915,2023-07-10 10:09:00,5.26,52.44,2,Rain,High,0,1.0
Gachibowli,17.4449,78.3498,2023-07-14 10:07:00,7.35,78.51,9,Fog,High,1,2.16
Gachibowli,17.4449,78.3498,2023-07-14 17:17:00,10.17,115.27,10,Fog,Medium,0,1.0
Madhapur,17.4448,78.3915,2023-07-14 05:10:00,4.04,39.51,4,Cloudy,Low,0,1.0
Jubilee Hills,17.4325,78.4071,2023-07-16 04:40:00,13.62,144.09,1,Fog,Medium,0,1.0
Gachibowli,17.4449,78.3498,2023-07-11 09:21:00,14.29,161.43,2,Rain,High,0,1.0
Ameerpet,17.4375,78.4483,2023-07-10 05:49:00,1.71,15.96,3,Storm,Low,0,1.0
Madhapur,17.4448,78.3915,2023-07-16 07:20:00,3.9,34.57,4,Cloudy,Low,0,1.0
Ameerpet,17.4375,78.4483,2023-07-10 00:46:00,4.88,58.25,3,Storm,Medium,0,1.0
Gachibowli,17.4449,78.3498,2023-07-11 06:01:00,10.25,83.06,1,Cloudy,Low,0,1.0
Ameerpet,17.4375,78.4483,2023-07-13 16:24:00,1.22,11.05,3,Fog,High,0,1.0
Madhapur,17.4448,78.3915,2023-07-10 17:21:00,7.67,85.23,9,Storm,Low,0,1.0
Kukatpally,17.4849,78.3911,2023-07-15 17:34:00,4.1,42.89,9,Cloudy,Medium,0,1.0
Madhapur,17.4448,78.3915,2023-07-10 16:36:00,14.98,170.61,7,Clear,Medium,0,1.0
Kukatpally,17.4849,78.3911,2023-07-10 20:04:00,13.59,126.23,3,Clear,Low,0,1.0
Jubilee Hills,17.4325,78.4071,2023-07-16 15:50:00,8.68,80.73,10,Storm,Medium,0,1.0
Kukatpally,17.4849,78.3911,2023-07-15 18:02:00,9.48,79.6,2,Storm,High,0,1.0
Gachibowli,17.4449,78.3498,2023-07-14 21:26:00,7.32,65.25,6,Fog,Medium,0,1.0
Kukatpally,17.4849,78.3911,2023-07-11 01:57:00,5.38,49.77,5,Cloudy,Low,0,1.0
Kukatpally,17.4849,78.3911,2023-07-10 18:19:00,2.28,19.02,7,Clear,High,0,1.0
Jubilee Hills,17.4325,78.4071,2023-07-11 11:31:00,8.79,90.94,9,Storm,Medium,0,1.0
Madhapur,17.4448,78.3915,2023-07-14 16:10:00,5.95,63.44,7,Clear,Medium,0,1.0
Ameerpet,17.4375,78.4483,2023-07-13 13:19:00,5.92,61.05,4,Rain,High,0,1.0
Kukatpally,17.4849,78.3911,2023-07-12 13:14:00,12.86,120.89,9,Cloudy,Low,0,1.0
Jubilee Hills,17.4325,78.4071,2023-07-16 12:46:00,4.17,40.52,9,Storm,High,1,2.08
Ameerpet,17.4375,78.4483,2023-07-10 07:10:00,9.53,101.32,5,Clear,Low,0,1.0
Jubilee Hills,17.4325,78.4071,2023-07-13 12:22:00,13.9,130.72,3,Rain,High,0,1.0
Kukatpally,17.4849,78.3911,2023-07-10 19:00:00,2.99,31.49,1,Clear,High,0,1.0
Ameerpet,17.4375,78.4483,2023-07-12 10:44:00,6.27,61.54,3,Cloudy,Medium,0,1.0
Jubilee Hills,17.4325,78.4071,2023-07-16 10:59:00,9.35,107.84,3,Rain,High,0,1.0
Madhapur,17.4448,78.3915,2023-07-10 22:16:00,4.81,51.22,8,Storm,Medium,0,1.0
Kukatpally,17.4849,78.3911,2023-07-13 02:35:00,4.02,40.4,6,Fog,Low,0,1.0
Jubilee Hills,17.4325,78.4071,2023-07-16 17:57:00,7.81,83.32,1,Rain,Medium,0,1.0
Ameerpet,17.4375,78.4483,2023-07-10 14:57:00,1.11,10.22,4,Rain,Medium,0,1.0
Jubilee Hills,17.4325,78.4071,2023-07-13 17:35:00,2.68,26.77,7,Rain,Low,0,1.0
Kukatpally,17.4849,78.3911,2023-07-16 01:25:00,10.85,108.51,6,Clear,Medium,0,1.0
Madhapur,17.4448,78.3915,2023-07-14 23:07:00,1.26,14.72,6,Storm,Medium,0,1.0
Ameerpet,17.4375,78.4483,2023-07-14 14:26:00,10.93,105.7,2,Fog,Low,0,1.0
Jubilee Hills,17.4325,78.4071,2023-07-11 22:55:00,12.22,127.97,6,Clear,Medium,0,1.0
Madhapur,17.4448,78.3915,2023-07-12 18:26:00,7.1,68.17,2,Fog,Medium,0,1.0
Jubilee Hills,17.4325,78.4071,2023-07-12 12:30:00,5.66,49.09,9,Clear,High,1,1.86
Jubilee Hills,17.4325,78.4071,2023-07-13 23:52:00,11.18,126.06,3,Rain,Low,0,1.0
Gachibowli,17.4449,78.3498,2023-07-12 21:53:00,3.76,39.14,2,Rain,High,0,1.0
Kukatpally,17.4849,78.3911,2023-07-15 06:41:00,11.56,127.62,8,Storm,High,1,2.03
Ameerpet,17.4375,78.4483,2023-07-13 16:15:00,13.1,137.67,3,Fog,Low,0,1.0
Kukatpally,17.4849,78.3911,2023-07-15 00:45:00,9.84,110.06,10,Clear,Medium,0,1.0
Ameerpet,17.4375,78.4483,2023-07-10 20:15:00,5.35,52.47,1,Cloudy,Medium,0,1.0
Madhapur,17.4448,78.3915,2023-07-11 00:39:00,9.61,96.37,8,Storm,High,1,2.44
Madhapur,17.4448,78.3915,2023-07-15 02:48:00,13.73,141.24,4,Cloudy,High,0,1.0
Kukatpally,17.4849,78.3911,2023-07-15 16:54:00,3.11,25.65,2,Cloudy,High,0,1.0
Madhapur,17.4448,78.3915,2023-07-15 17:46:00,10.05,81.97,8,Fog,High,1,1.88
Gachibowli,17.4449,78.3498,2023-07-14 03:22:00,6.22,56.8,7,Cloudy,High,0,1.0
Ameerpet,17.4375,78.4483,2023-07-10 14:17:00,12.05,127.6,2,Cloudy,Low,0,1.0
Ameerpet,17.4375,78.4483,2023-07-14 09:33:00,4.98,54.26,10,Rain,Medium,0,1.0
Madhapur,17.4448,78.3915,2023-07-16 15:07:00,10.29,120.05,5,Fog,Low,0,1.0
Ameerpet,17.4375,78.4483,2023-07-10 23:08:00,5.33,50.67,6,Rain,High,0,1.0
Ameerpet,17.4375,78.4483,2023-07-11 01:31:00,10.04,97.32,6,Clear,Medium,0,1.0
Jubilee Hills,17.4325,78.4071,2023-07-12 01:13:00,14.32,134.13,8,Rain,Low,0,1.0
Gachibowli,17.4449,78.3498,2023-07-11 18:18:00,2.08,23.67,2,Storm,High,0,1.0
Ameerpet,17.4375,78.4483,2023-07-10 10:18:00,10.27,118.16,10,Rain,High,1,1.69
Gachibowli,17.4449,78.3498,2023-07-12 01:22:00,12.64,140.11,3,Fog,Low,0,1.0
Kukatpally,17.4849,78.3911,2023-07-14 03:28:00,10.47,93.71,8,Storm,Medium,0,1.0
Kukatpally,17.4849,78.3911,2023-07-12 15:53:00,8.48,78.34,8,Rain,Medium,0,1.0
Ameerpet,17.4375,78.4483,2023-07-15 00:18:00,7.46,68.09,7,Storm,High,0,1.0
Kukatpally,17.4849,78.3911,2023-07-11 20:15:00,12.44,139.39,3,Cloudy,Low,0,1.0
Kukatpally,17.4849,78.3911,2023-07-14 05:21:00,8.76,73.67,9,Clear,Medium,0,1.0
Madhapur,17.4448,78.3915,2023-07-11 19:46:00,4.82,56.01,3,Fog,Low,0,1.0
Gachibowli,17.4449,78.3498,2023-07-15 03:11:00,13.38,156.84,7,Clear,Medium,0,1.0
Ameerpet,17.4375,78.4483,2023-07-14 06:06:00,4.3,51.51,6,Rain,Low,0,1.0
Jubilee Hills,17.4325,78.4071,2023-07-11 03:03:00,12.75,135.15,3,Rain,Low,0,1.0
Jubilee Hills,17.4325,78.4071,2023-07-15 09:00:00,10.75,91.97,8,Fog,High,1,1.21
Madhapur,17.4448,78.3915,2023-07-10 05:11:00,4.58,51.94,9,Storm,High,1,1.75
Jubilee Hills,17.4325,78.4071,2023-07-12 16:53:00,5.22,42.76,7,Storm,Medium,0,1.0
Madhapur,17.4448,78.3915,2023-07-11 06:16:00,12.71,127.09,9,Clear,High,1,1.87
Gachibowli,17.4449,78.3498,2023-07-11 15:12:00,5.08,40.67,6,Rain,High,0,1.0
Kukatpally,17.4849,78.3911,2023-07-12 03:08:00,10.3,85.93,6,Clear,High,0,1.0
Ameerpet,17.4375,78.4483,2023-07-15 18:32:00,12.01,120.47,1,Fog,Medium,0,1.0
Madhapur,17.4448,78.3915,2023-07-14 09:38:00,14.73,132.79,1,Cloudy,Low,0,1.0
Jubilee Hills,17.4325,78.4071,2023-07-12 17:50:00,11.26,118.38,10,Cloudy,Low,0,1.0
Madhapur,17.4448,78.3915,2023-07-14 00:12:00,8.64,97.23,3,Fog,High,0,1.0
Kukatpally,17.4849,78.3911,2023-07-12 01:46:00,12.36,102.0,8,Clear,Medium,0,1.0
Gachibowli,17.4449,78.3498,2023-07-10 11:57:00,12.08,139.44,6,Cloudy,High,0,1.0
Kukatpally,17.4849,78.3911,2023-07-16 04:17:00,7.63,62.16,4,Cloudy,Medium,0,1.0
Madhapur,17.4448,78.3915,2023-07-13 18:38:00,4.83,54.08,7,Fog,High,0,1.0
Kukatpally,17.4849,78.3911,2023-07-14 09:34:00,5.75,50.3,8,Cloudy,High,1,1.55
Madhapur,17.4448,78.3915,2023-07-14 19:55:00,2.1,21.86,3,Storm,Medium,0,1.0
Jubilee Hills,17.4325,78.4071,2023-07-11 04:00:00,2.12,22.56,5,Fog,High,0,1.0
Kukatpally,17.4849,78.3911,2023-07-11 21:30:00,10.66,100.27,1,Cloudy,High,0,1.0
Kukatpally,17.4849,78.3911,2023-07-13 02:58:00,9.95,111.1,1,Clear,High,0,1.0
Kukatpally,17.4849,78.3911,2023-07-14 03:12:00,8.18,89.98,3,Clear,Low,0,1.0
Ameerpet,17.4375,78.4483,2023-07-14 23:39:00,1.49,12.32,6,Cloudy,Medium,0,1.0
Ameerpet,17.4375,78.4483,2023-07-10 08:50:00,9.47,101.48,6,Cloudy,Medium,0,1.0
Madhapur,17.4448,78.3915,2023-07-16 12:43:00,2.93,27.74,6,Cloudy,Low,0,1.0
Madhapur,17.4448,78.3915,2023-07-10 07:04:00,11.3,112.96,7,Storm,Low,0,1.0
Jubilee Hills,17.4325,78.4071,2023-07-12 23:04:00,10.86,96.2,10,Cloudy,High,1,2.39
Kukatpally,17.4849,78.3911,2023-07-12 06:39:00,2.72,31.04,8,Rain,High,1,1.78
Madhapur,17.4448,78.3915,2023-07-13 15:16:00,10.35,112.17,9,Storm,Medium,0,1.0
Jubilee Hills,17.4325,78.4071,2023-07-11 19:00:00,10.97,128.45,3,Cloudy,High,0,1.0
Gachibowli,17.4449,78.3498,2023-07-11 09:08:00,14.79,165.18,4,Fog,Low,0,1.0
Jubilee Hills,17.4325,78.4071,2023-07-16 07:17:00,9.01,88.93,9,Rain,High,1,2.35
Madhapur,17.4448,78.3915,2023-07-13 12:27:00,6.57,71.4,8,Storm,Medium,0,1.0
Kukatpally,17.4849,78.3911,2023-07-16 12:59:00,2.03,24.14,2,Fog,Medium,0,1.0
Ameerpet,17.4375,78.4483,2023-07-13 22:04:00,2.8,31.69,9,Storm,Low,0,1.0
Gachibowli,17.4449,78.3498,2023-07-14 22:08:00,8.04,92.24,2,Storm,Low,0,1.0
Jubilee Hills,17.4325,78.4071,2023-07-11 20:57:00,3.27,38.39,4,Cloudy,High,0,1.0
Jubilee Hills,17.4325,78.4071,2023-07-10 21:32:00,4.51,47.54,9,Cloudy,Low,0,1.0
Jubilee Hills,17.4325,78.4071,2023-07-16 01:40:00,2.31,24.4,10,Storm,Low,0,1.0
Gachibowli,17.4449,78.3498,2023-07-16 21:14:00,5.73,67.02,1,Clear,Low,0,1.0
Madhapur,17.4448,78.3915,2023-07-16 13:29:00,4.71,41.65,10,Fog,High,1,2.03
Kukatpally,17.4849,78.3911,2023-07-16 04:58:00,5.06,59.84,8,Rain,High,1,1.73
Kukatpally,17.4849,78.3911,2023-07-10 19:55:00,10.64,91.85,7,Fog,Medium,0,1.0
Gachibowli,17.4449,78.3498,2023-07-13 20:53:00,9.49,87.79,6,Cloudy,Medium,0,1.0
Gachibowli,17.4449,78.3498,2023-07-14 05:10:00,8.21,69.17,4,Fog,Low,0,1.0
Jubilee Hills,17.4325,78.4071,2023-07-15 02:46:00,4.47,37.49,5,Fog,High,0,1.0
Kukatpally,17.4849,78.3911,2023-07-12 19:47:00,14.48,168.1,6,Storm,High,0,1.0
Jubilee Hills,17.4325,78.4071,2023-07-12 03:50:00,11.68,116.72,9,Fog,Medium,0,1.0
Jubilee Hills,17.4325,78.4071,2023-07-15 15:48:00,1.32,15.55,9,Fog,Low,0,1.0
Gachibowli,17.4449,78.3498,2023-07-16 15:17:00,5.94,48.72,8,Storm,High,1,2.07
Jubilee Hills,17.4325,78.4071,2023-07-16 02:33:00,1.11,9.36,3,Cloudy,High,0,1.0
Jubilee Hills,17.4325,78.4071,2023-07-14 14:06:00,6.12,58.77,10,Storm,Low,0,1.0
Jubilee Hills,17.4325,78.4071,2023-07-16 07:04:00,5.04,48.11,8,Storm,Medium,0,1.0
Ameerpet,17.4375,78.4483,2023-07-11 08:26:00,2.8,23.48,6,Cloudy,High,0,1.0
Jubilee Hills,17.4325,78.4071,2023-07-11 15:23:00,3.79,38.04,9,Clear,Low,0,1.0
Madhapur,17.4448,78.3915,2023-07-11 13:25:00,10.99,123.26,9,Fog,Low,0,1.0
Ameerpet,17.4375,78.4483,2023-07-15 20:46:00,2.96,34.71,6,Rain,Medium,0,1.0
Ameerpet,17.4375,78.4483,2023-07-13 09:42:00,9.31,93.37,9,Storm,Medium,0,1.0
Ameerpet,17.4375,78.4483,2023-07-13 09:51:00,7.65,61.71,6,Clear,Medium,0,1.0
Ameerpet,17.4375,78.4483,2023-07-13 12:00:00,12.15,132.45,1,Storm,Medium,0,1.0
Jubilee Hills,17.4325,78.4071,2023-07-16 13:57:00,9.09,98.95,10,Fog,Low,0,1.0
Ameerpet,17.4375,78.4483,2023-07-14 07:49:00,3.07,32.92,1,Storm,High,0,1.0
Madhapur,17.4448,78.3915,2023-07-12 04:05:00,1.27,11.75,3,Fog,High,0,1.0
Gachibowli,17.4449,78.3498,2023-07-14 16:03:00,8.03,83.88,8,Clear,High,1,1.38
Gachibowli,17.4449,78.3498,2023-07-16 09:09:00,5.55,59.1,9,Fog,Medium,0,1.0
Gachibowli,17.4449,78.3498,2023-07-15 05:31:00,13.77,129.02,6,Cloudy,High,0,1.0
Kukatpally,17.4849,78.3911,2023-07-12 04:30:00,14.4,131.27,5,Rain,Medium,0,1.0
Jubilee Hills,17.4325,78.4071,2023-07-12 08:36:00,10.66,106.13,8,Cloudy,High,1,2.41
Jubilee Hills,17.4325,78.4071,2023-07-13 06:35:00,2.71,29.01,7,Fog,Medium,0,1.0
Gachibowli,17.4449,78.3498,2023-07-13 07:18:00,1.59,18.8,2,Cloudy,Medium,0,1.0
Jubilee Hills,17.4325,78.4071,2023-07-15 10:49:00,4.0,45.25,5,Storm,High,0,1.0
Jubilee Hills,17.4325,78.4071,2023-07-11 13:29:00,2.53,27.74,4,Rain,Low,0,1.0
Ameerpet,17.4375,78.4483,2023-07-12 13:37:00,9.93,81.52,7,Cloudy,High,0,1.0
Kukatpally,17.4849,78.3911,2023-07-11 03:27:00,10.54,90.12,9,Rain,Medium,0,1.0
Kukatpally,17.4849,78.3911,2023-07-15 10:22:00,10.11,111.45,5,Cloudy,Medium,0,1.0
Madhapur,17.4448,78.3915,2023-07-11 00:25:00,10.13,90.45,1,Rain,Medium,0,1.0
Gachibowli,17.4449,78.3498,2023-07-10 09:55:00,14.96,143.44,8,Rain,High,1,2.45
Jubilee Hills,17.4325,78.4071,2023-07-10 10:13:00,1.13,11.61,2,Cloudy,Medium,0,1.0
Kukatpally,17.4849,78.3911,2023-07-16 04:21:00,8.34,96.39,3,Storm,Medium,0,1.0
Jubilee Hills,17.4325,78.4071,2023-07-12 04:39:00,12.32,114.86,8,Cloudy,High,1,1.44
Jubilee Hills,17.4325,78.4071,2023-07-13 08:33:00,8.95,98.71,3,Storm,High,0,1.0
Kukatpally,17.4849,78.3911,2023-07-14 20:47:00,8.21,68.53,2,Rain,Low,0,1.0
Kukatpally,17.4849,78.3911,2023-07-13 16:21:00,14.1,113.19,7,Rain,Medium,0,1.0
Jubilee Hills,17.4325,78.4071,2023-07-13 18:00:00,5.23,56.96,1,Cloudy,High,0,1.0
Jubilee Hills,17.4325,78.4071,2023-07-12 16:31:00,1.87,15.84,5,Rain,Medium,0,1.0
Ameerpet,17.4375,78.4483,2023-07-13 12:55:00,10.66,112.51,5,Cloudy,High,0,1.0
Gachibowli,17.4449,78.3498,2023-07-12 11:50:00,14.4,142.74,8,Storm,Medium,0,1.0
Kukatpally,17.4849,78.3911,2023-07-16 05:58:00,13.78,151.99,4,Rain,High,0,1.0
Ameerpet,17.4375,78.4483,2023-07-10 22:21:00,8.36,84.54,6,Clear,High,0,1.0
Madhapur,17.4448,78.3915,2023-07-10 16:51:00,12.6,146.31,4,Storm,High,0,1.0
Gachibowli,17.4449,78.3498,2023-07-11 20:55:00,5.59,56.35,2,Rain,High,0,1.0
Ameerpet,17.4375,78.4483,2023-07-15 13:28:00,2.27,22.79,1,Fog,Low,0,1.0
Ameerpet,17.4375,78.4483,2023-07-14 17:26:00,7.4,60.91,8,Cloudy,High,1,1.23
Jubilee Hills,17.4325,78.4071,2023-07-10 00:49:00,11.44,117.98,1,Fog,Medium,0,1.0
Madhapur,17.4448,78.3915,2023-07-16 03:46:00,14.92,175.14,2,Fog,Low,0,1.0
Jubilee Hills,17.4325,78.4071,2023-07-14 15:38:00,3.52,30.07,7,Cloudy,Medium,0,1.0
Kukatpally,17.4849,78.3911,2023-07-14 07:04:00,6.26,67.18,9,Rain,High,1,2.32
Madhapur,17.4448,78.3915,2023-07-12 00:44:00,14.9,142.63,3,Rain,Low,0,1.0
Madhapur,17.4448,78.3915,2023-07-13 09:28:00,7.48,81.36,7,Storm,Medium,0,1.0
Gachibowli,17.4449,78.3498,2023-07-12 19:35:00,7.45,64.22,4,Clear,Low,0,1.0
Kukatpally,17.4849,78.3911,2023-07-10 04:16:00,4.37,36.14,10,Clear,Medium,0,1.0
Ameerpet,17.4375,78.4483,2023-07-10 13:17:00,4.43,36.22,8,Rain,High,1,1.48
Madhapur,17.4448,78.3915,2023-07-11 14:15:00,8.05,73.71,10,Cloudy,High,1,1.98
Jubilee Hills,17.4325,78.4071,2023-07-12 16:41:00,5.22,44.75,9,Rain,Medium,0,1.0
Jubilee Hills,17.4325,78.4071,2023-07-13 03:08:00,1.85,21.82,3,Fog,High,0,1.0
Kukatpally,17.4849,78.3911,2023-07-10 12:48:00,14.61,171.91,7,Storm,Medium,0,1.0
Kukatpally,17.4849,78.3911,2023-07-14 15:28:00,3.09,29.37,9,Fog,Low,0,1.0
Gachibowli,17.4449,78.3498,2023-07-13 10:07:00,13.01,111.59,8,Clear,High,1,1.74
Kukatpally,17.4849,78.3911,2023-07-16 08:10:00,8.42,80.44,5,Rain,Medium,0,1.0
Madhapur,17.4448,78.3915,2023-07-15 02:49:00,12.86,107.64,4,Clear,Medium,0,1.0
Kukatpally,17.4849,78.3911,2023-07-16 21:11:00,9.44,108.51,4,Storm,High,0,1.0
Ameerpet,17.4375,78.4483,2023-07-12 11:15:00,7.71,88.49,6,Cloudy,Low,0,1.0
Gachibowli,17.4449,78.3498,2023-07-12 03:53:00,14.47,122.55,8,Rain,High,1,1.99
Gachibowli,17.4449,78.3498,2023-07-14 12:18:00,13.81,140.98,5,Fog,Medium,0,1.0
Ameerpet,17.4375,78.4483,2023-07-14 02:06:00,5.32,50.21,8,Fog,Low,0,1.0
Kukatpally,17.4849,78.3911,2023-07-13 15:26:00,13.8,130.86,7,Clear,High,0,1.0
Gachibowli,17.4449,78.3498,2023-07-11 15:50:00,1.23,12.56,10,Storm,High,1,1.74
Gachibowli,17.4449,78.3498,2023-07-12 05:34:00,5.62,53.5,4,Fog,High,0,1.0
Jubilee Hills,17.4325,78.4071,2023-07-12 22:16:00,11.69,116.37,8,Fog,Low,0,1.0
Jubilee Hills,17.4325,78.4071,2023-07-11 22:13:00,2.96,30.15,3,Storm,High,0,1.0
Madhapur,17.4448,78.3915,2023-07-15 23:04:00,1.47,16.74,1,Clear,Medium,0,1.0
Gachibowli,17.4449,78.3498,2023-07-12 15:11:00,1.95,16.78,4,Storm,Medium,0,1.0
Jubilee Hills,17.4325,78.4071,2023-07-10 16:30:00,9.65,102.94,10,Fog,High,1,1.83
Madhapur,17.4448,78.3915,2023-07-16 01:19:00,8.72,70.17,9,Cloudy,High,1,2.47
Madhapur,17.4448,78.3915,2023-07-15 17:08:00,12.38,132.42,3,Clear,Low,0,1.0
Ameerpet,17.4375,78.4483,2023-07-11 16:39:00,4.37,45.79,5,Cloudy,Medium,0,1.0
Kukatpally,17.4849,78.3911,2023-07-10 21:34:00,6.22,59.86,10,Rain,High,1,1.49
Madhapur,17.4448,78.3915,2023-07-10 08:39:00,2.31,21.98,9,Fog,Low,0,1.0
Madhapur,17.4448,78.3915,2023-07-11 22:47:00,2.16,24.58,6,Storm,Low,0,1.0
Ameerpet,17.4375,78.4483,2023-07-10 11:37:00,4.22,48.97,10,Fog,Medium,0,1.0
Madhapur,17.4448,78.3915,2023-07-10 20:18:00,10.58,96.51,9,Storm,High,1,1.24
Jubilee Hills,17.4325,78.4071,2023-07-10 04:16:00,14.46,149.63,7,Clear,Medium,0,1.0
Gachibowli,17.4449,78.3498,2023-07-16 09:59:00,4.37,49.55,7,Storm,Medium,0,1.0
Kukatpally,17.4849,78.3911,2023-07-11 14:12:00,12.07,129.84,2,Storm,High,0,1.0
Jubilee Hills,17.4325,78.4071,2023-07-10 14:39:00,2.37,21.16,2,Cloudy,High,0,1.0
Ameerpet,17.4375,78.4483,2023-07-16 18:38:00,6.55,72.67,1,Cloudy,Medium,0,1.0
Kukatpally,17.4849,78.3911,2023-07-12 14:17:00,5.98,70.35,7,Rain,High,0,1.0
Ameerpet,17.4375,78.4483,2023-07-14 07:47:00,2.2,23.04,4,Clear,Low,0,1.0
Jubilee Hills,17.4325,78.4071,2023-07-11 18:06:00,6.32,70.38,3,Fog,Medium,0,1.0
Jubilee Hills,17.4325,78.4071,2023-07-11 05:05:00,2.28,26.84,8,Cloudy,Medium,0,1.0
Madhapur,17.4448,78.3915,2023-07-11 12:10:00,2.22,21.59,9,Storm,High,1,1.73
Madhapur,17.4448,78.3915,2023-07-11 00:28:00,5.95,49.81,10,Cloudy,Medium,0,1.0
Madhapur,17.4448,78.3915,2023-07-13 07:41:00,6.79,75.48,9,Rain,High,1,1.88
Kukatpally,17.4849,78.3911,2023-07-11 22:17:00,2.94,27.06,8,Rain,Low,0,1.0
Gachibowli,17.4449,78.3498,2023-07-14 22:41:00,4.86,44.71,2,Cloudy,Medium,0,1.0
Gachibowli,17.4449,78.3498,2023-07-15 15:23:00,9.31,81.76,2,Rain,Medium,0,1.0
Madhapur,17.4448,78.3915,2023-07-14 12:03:00,5.65,59.22,6,Fog,Medium,0,1.0
Kukatpally,17.4849,78.3911,2023-07-16 18:18:00,2.91,27.01,4,Fog,Medium,0,1.0
Gachibowli,17.4449,78.3498,2023-07-14 12:44:00,14.56,133.45,8,Storm,Low,0,1.0
Jubilee Hills,17.4325,78.4071,2023-07-14 06:41:00,4.92,54.83,6,Clear,High,0,1.0
Gachibowli,17.4449,78.3498,2023-07-16 17:43:00,14.96,130.45,9,Clear,High,1,1.8
Gachibowli,17.4449,78.3498,2023-07-14 23:43:00,12.17,137.83,2,Fog,High,0,1.0
Kukatpally,17.4849,78.3911,2023-07-11 14:00:00,9.87,88.51,3,Fog,Medium,0,1.0
Madhapur,17.4448,78.3915,2023-07-15 02:37:00,14.87,147.46,7,Storm,High,0,1.0
Kukatpally,17.4849,78.3911,2023-07-16 04:27:00,1.51,17.93,9,Storm,High,1,2.39
Madhapur,17.4448,78.3915,2023-07-12 19:47:00,10.21,96.18,10,Clear,High,1,2.48
Kukatpally,17.4849,78.3911,2023-07-13 18:32:00,14.52,141.16,1,Clear,Medium,0,1.0
Gachibowli,17.4449,78.3498,2023-07-15 19:26:00,11.46,117.26,10,Rain,Medium,0,1.0
Jubilee Hills,17.4325,78.4071,2023-07-14 10:48:00,7.48,80.17,9,Rain,Medium,0,1.0
Madhapur,17.4448,78.3915,2023-07-15 11:49:00,2.46,23.77,2,Clear,High,0,1.0
Gachibowli,17.4449,78.3498,2023-07-13 23:07:00,5.37,52.74,4,Storm,Medium,0,1.0
Jubilee Hills,17.4325,78.4071,2023-07-15 10:01:00,2.37,25.8,8,Cloudy,Low,0,1.0
Jubilee Hills,17.4325,78.4071,2023-07-10 12:12:00,12.34,104.4,6,Clear,High,0,1.0
Gachibowli,17.4449,78.3498,2023-07-12 18:36:00,8.22,83.91,6,Storm,Medium,0,1.0
Kukatpally,17.4849,78.3911,2023-07-12 15:18:00,12.17,128.02,3,Fog,Medium,0,1.0
Madhapur,17.4448,78.3915,2023-07-12 05:52:00,7.29,70.85,1,Rain,Low,0,1.0
Jubilee Hills,17.4325,78.4071,2023-07-10 17:05:00,9.08,101.68,9,Rain,Medium,0,1.0
Jubilee Hills,17.4325,78.4071,2023-07-12 05:48:00,7.41,67.06,8,Storm,High,1,1.61
Kukatpally,17.4849,78.3911,2023-07-14 11:11:00,9.22,86.59,8,Storm,Low,0,1.0
Jubilee Hills,17.4325,78.4071,2023-07-16 17:09:00,2.19,18.69,2,Rain,Medium,0,1.0
Madhapur,17.4448,78.3915,2023-07-12 01:59:00,6.23,53.36,7,Fog,High,0,1.0
Gachibowli,17.4449,78.3498,2023-07-16 12:57:00,6.37,55.69,9,Rain,High,1,1.42
Jubilee Hills,17.4325,78.4071,2023-07-11 14:18:00,3.62,41.15,10,Clear,Medium,0,1.0
Madhapur,17.4448,78.3915,2023-07-15 12:19:00,2.91,32.77,9,Storm,High,1,1.84
Kukatpally,17.4849,78.3911,2023-07-14 17:29:00,10.94,106.94,3,Clear,High,0,1.0
Madhapur,17.4448,78.3915,2023-07-12 12:13:00,5.09,46.32,9,Cloudy,Low,0,1.0
Kukatpally,17.4849,78.3911,2023-07-16 10:27:00,11.4,126.13,9,Storm,Low,0,1.0
Ameerpet,17.4375,78.4483,2023-07-11 07:11:00,4.75,48.32,6,Storm,Low,0,1.0
Kukatpally,17.4849,78.3911,2023-07-16 05:11:00,4.06,39.38,4,Cloudy,Low,0,1.0
Kukatpally,17.4849,78.3911,2023-07-12 23:45:00,5.88,66.25,8,Clear,Low,0,1.0
Gachibowli,17.4449,78.3498,2023-07-16 16:32:00,10.65,121.88,10,Fog,Low,0,1.0
Ameerpet,17.4375,78.4483,2023-07-11 14:01:00,11.99,134.94,1,Storm,Medium,0,1.0
Ameerpet,17.4375,78.4483,2023-07-13 04:45:00,9.36,81.18,5,Cloudy,High,0,1.0
Jubilee Hills,17.4325,78.4071,2023-07-15 20:28:00,14.8,158.61,2,Rain,Medium,0,1.0
Madhapur,17.4448,78.3915,2023-07-13 03:43:00,13.14,111.79,3,Rain,Low,0,1.0
Jubilee Hills,17.4325,78.4071,2023-07-12 19:35:00,11.66,124.82,8,Rain,High,1,2.02
Kukatpally,17.4849,78.3911,2023-07-14 06:26:00,7.33,77.22,2,Fog,High,0,1.0
Jubilee Hills,17.4325,78.4071,2023-07-14 04:46:00,7.37,73.35,10,Clear,High,1,1.32
Kukatpally,17.4849,78.3911,2023-07-14 01:49:00,12.9,144.26,7,Rain,Medium,0,1.0
Gachibowli,17.4449,78.3498,2023-07-15 15:05:00,4.76,53.85,6,Storm,High,0,1.0
Gachibowli,17.4449,78.3498,2023-07-16 10:35:00,12.93,144.21,1,Clear,Low,0,1.0
Kukatpally,17.4849,78.3911,2023-07-10 04:26:00,2.74,31.32,8,Fog,Low,0,1.0
Kukatpally,17.4849,78.3911,2023-07-12 07:14:00,14.94,173.87,5,Rain,Medium,0,1.0
Madhapur,17.4448,78.3915,2023-07-14 02:25:00,4.51,42.79,3,Clear,Medium,0,1.0
Jubilee Hills,17.4325,78.4071,2023-07-12 15:56:00,7.01,58.64,2,Clear,Low,0,1.0
Kukatpally,17.4849,78.3911,2023-07-10 21:16:00,2.86,25.47,8,Clear,Low,0,1.0
Jubilee Hills,17.4325,78.4071,2023-07-11 08:55:00,14.83,143.69,3,Fog,Low,0,1.0
Gachibowli,17.4449,78.3498,2023-07-14 08:36:00,2.25,25.25,2,Cloudy,Medium,0,1.0
Jubilee Hills,17.4325,78.4071,2023-07-11 13:26:00,6.36,71.57,3,Rain,Low,0,1.0
Ameerpet,17.4375,78.4483,2023-07-16 09:48:00,1.12,11.87,8,Cloudy,High,1,1.48
Gachibowli,17.4449,78.3498,2023-07-14 16:25:00,9.63,94.08,4,Clear,Low,0,1.0
Gachibowli,17.4449,78.3498,2023-07-11 09:37:00,9.25,88.21,7,Cloudy,Low,0,1.0
Gachibowli,17.4449,78.3498,2023-07-13 03:37:00,10.02,90.11,10,Storm,High,1,1.99
Madhapur,17.4448,78.3915,2023-07-13 10:22:00,3.88,40.46,4,Fog,Medium,0,1.0
Madhapur,17.4448,78.3915,2023-07-12 17:21:00,7.93,67.02,8,Storm,Low,0,1.0
Ameerpet,17.4375,78.4483,2023-07-10 03:17:00,14.82,173.92,3,Fog,High,0,1.0
Kukatpally,17.4849,78.3911,2023-07-14 03:46:00,8.65,75.18,8,Clear,Low,0,1.0
Ameerpet,17.4375,78.4483,2023-07-10 18:26:00,1.19,10.55,1,Fog,High,0,1.0
Jubilee Hills,17.4325,78.4071,2023-07-15 16:49:00,11.74,113.81,7,Clear,High,0,1.0
Ameerpet,17.4375,78.4483,2023-07-16 02:48:00,9.62,87.64,5,Clear,High,0,1.0
Gachibowli,17.4449,78.3498,2023-07-11 18:25:00,8.51,81.38,2,Cloudy,High,0,1.0
Kukatpally,17.4849,78.3911,2023-07-12 17:09:00,1.81,15.1,7,Clear,Medium,0,1.0
Ameerpet,17.4375,78.4483,2023-07-16 22:15:00,1.77,18.88,3,Clear,Low,0,1.0
Gachibowli,17.4449,78.3498,2023-07-10 03:05:00,3.29,38.86,9,Storm,High,1,1.54
Jubilee Hills,17.4325,78.4071,2023-07-11 10:39:00,11.5,132.18,2,Clear,Medium,0,1.0
Kukatpally,17.4849,78.3911,2023-07-13 02:16:00,8.33,75.4,10,Clear,Medium,0,1.0
Kukatpally,17.4849,78.3911,2023-07-15 19:28:00,6.04,60.39,10,Rain,Medium,0,1.0
Gachibowli,17.4449,78.3498,2023-07-12 21:39:00,11.83,136.96,2,Rain,High,0,1.0
Ameerpet,17.4375,78.4483,2023-07-10 00:42:00,1.62,18.55,4,Clear,Medium,0,1.0
Jubilee Hills,17.4325,78.4071,2023-07-14 08:34:00,13.88,120.98,1,Storm,High,0,1.0
Kukatpally,17.4849,78.3911,2023-07-12 13:18:00,5.51,53.25,6,Cloudy,Low,0,1.0
Ameerpet,17.4375,78.4483,2023-07-14 05:48:00,2.67,28.55,1,Rain,Low,0,1.0
Ameerpet,17.4375,78.4483,2023-07-10 12:32:00,14.36,118.84,8,Cloudy,Medium,0,1.0
Jubilee Hills,17.4325,78.4071,2023-07-10 23:35:00,8.74,70.2,4,Cloudy,High,0,1.0
Jubilee Hills,17.4325,78.4071,2023-07-12 18:14:00,7.49,77.65,8,Rain,High,1,2.37
Gachibowli,17.4449,78.3498,2023-07-11 17:06:00,1.09,10.51,4,Storm,Medium,0,1.0
Madhapur,17.4448,78.3915,2023-07-13 19:28:00,1.02,10.84,5,Clear,Low,0,1.0
Ameerpet,17.4375,78.4483,2023-07-12 17:02:00,6.88,81.49,3,Cloudy,Low,0,1.0
Madhapur,17.4448,78.3915,2023-07-12 15:12:00,13.56,136.67,6,Fog,High,0,1.0
Madhapur,17.4448,78.3915,2023-07-16 14:35:00,2.34,19.97,7,Clear,High,0,1.0
Ameerpet,17.4375,78.4483,2023-07-10 17:00:00,7.09,84.07,4,Cloudy,Medium,0,1.0
Jubilee Hills,17.4325,78.4071,2023-07-14 11:18:00,10.81,118.28,6,Fog,Medium,0,1.0
Gachibowli,17.4449,78.3498,2023-07-10 20:23:00,14.21,121.42,10,Clear,Low,0,1.0
Madhapur,17.4448,78.3915,2023-07-11 20:53:00,7.29,67.48,2,Storm,Medium,0,1.0
Gachibowli,17.4449,78.3498,2023-07-15 03:24:00,5.32,48.2,2,Clear,Low,0,1.0
Jubilee Hills,17.4325,78.4071,2023-07-16 20:44:00,1.56,17.7,6,Rain,Low,0,1.0
Gachibowli,17.4449,78.3498,2023-07-14 01:08:00,6.55,53.68,5,Cloudy,Low,0,1.0
Madhapur,17.4448,78.3915,2023-07-14 14:25:00,12.96,132.5,9,Rain,Low,0,1.0
Kukatpally,17.4849,78.3911,2023-07-11 03:49:00,12.25,104.85,1,Clear,Low,0,1.0
Gachibowli,17.4449,78.3498,2023-07-12 06:06:00,12.53,118.9,2,Storm,High,0,1.0
Jubilee Hills,17.4325,78.4071,2023-07-10 20:28:00,1.31,10.82,8,Rain,Low,0,1.0
Jubilee Hills,17.4325,78.4071,2023-07-11 09:27:00,1.6,15.75,3,Storm,Medium,0,1.0
Kukatpally,17.4849,78.3911,2023-07-15 15:28:00,1.41,15.13,3,Cloudy,Low,0,1.0
Gachibowli,17.4449,78.3498,2023-07-13 03:05:00,4.92,56.75,1,Storm,High,0,1.0
Ameerpet,17.4375,78.4483,2023-07-12 19:06:00,10.06,100.56,9,Fog,Low,0,1.0
Madhapur,17.4448,78.3915,2023-07-13 04:23:00,6.36,61.55,9,Rain,High,1,2.49
Ameerpet,17.4375,78.4483,2023-07-10 05:19:00,14.85,165.25,6,Fog,High,0,1.0
Kukatpally,17.4849,78.3911,2023-07-13 21:56:00,13.78,137.93,7,Cloudy,Low,0,1.0
Madhapur,17.4448,78.3915,2023-07-13 15:04:00,9.36,75.98,5,Clear,Medium,0,1.0
Ameerpet,17.4375,78.4483,2023-07-14 01:36:00,11.74,140.86,3,Clear,Low,0,1.0
Gachibowli,17.4449,78.3498,2023-07-13 00:46:00,8.47,94.57,1,Rain,High,0,1.0
Kukatpally,17.4849,78.3911,2023-07-14 00:53:00,14.09,168.6,3,Rain,Low,0,1.0
Ameerpet,17.4375,78.4483,2023-07-13 14:50:00,12.29,132.62,10,Clear,High,1,2.11
Ameerpet,17.4375,78.4483,2023-07-16 09:54:00,2.99,35.26,8,Storm,Medium,0,1.0
Gachibowli,17.4449,78.3498,2023-07-15 13:55:00,1.53,12.58,10,Rain,Low,0,1.0
Ameerpet,17.4375,78.4483,2023-07-15 10:31:00,1.01,11.79,4,Rain,Medium,0,1.0
Gachibowli,17.4449,78.3498,2023-07-13 16:21:00,1.83,15.72,3,Clear,High,0,1.0
Jubilee Hills,17.4325,78.4071,2023-07-10 19:48:00,6.23,73.31,7,Storm,Low,0,1.0
Jubilee Hills,17.4325,78.4071,2023-07-13 10:24:00,5.52,65.71,7,Fog,High,0,1.0
Jubilee Hills,17.4325,78.4071,2023-07-11 23:34:00,10.9,111.7,10,Cloudy,Low,0,1.0
Ameerpet,17.4375,78.4483,2023-07-11 23:52:00,6.3,68.9,5,Rain,Low,0,1.0
Madhapur,17.4448,78.3915,2023-07-16 12:25:00,6.48,77.61,10,Clear,Low,0,1.0
Ameerpet,17.4375,78.4483,2023-07-13 14:53:00,13.89,164.88,4,Storm,Low,0,1.0
Kukatpally,17.4849,78.3911,2023-07-11 14:24:00,5.64,46.88,6,Cloudy,Low,0,1.0
Madhapur,17.4448,78.3915,2023-07-13 19:40:00,7.25,65.69,4,Clear,Medium,0,1.0
Jubilee Hills,17.4325,78.4071,2023-07-11 05:30:00,11.09,90.86,8,Fog,Low,0,1.0
Kukatpally,17.4849,78.3911,2023-07-15 14:38:00,13.34,125.46,7,Clear,Medium,0,1.0
Ameerpet,17.4375,78.4483,2023-07-12 13:35:00,3.28,27.21,1,Cloudy,Low,0,1.0
Jubilee Hills,17.4325,78.4071,2023-07-12 23:18:00,14.32,118.81,3,Fog,Low,0,1.0
